id,student_id,points,timestamp
1,1,13,2023-07-26 03:04:43.787547+00:00
2,2,5,2023-07-26 03:04:43.789315+00:00
3,3,94,2023-07-26 03:04:43.790790+00:00
4,4,94,2023-07-26 03:04:43.792462+00:00
5,5,83,2023-07-26 03:04:43.794038+00:00
6,6,4,2023-07-26 03:04:43.795496+00:00
7,7,88,2023-07-26 03:04:43.797048+00:00
8,8,8,2023-07-26 03:04:43.798598+00:00
9,9,72,2023-07-26 03:04:43.800181+00:00
10,10,80,2023-07-26 03:04:43.801630+00:00
11,11,32,2023-07-26 03:04:43.803096+00:00
12,12,77,2023-07-26 03:04:43.804501+00:00
13,13,27,2023-07-26 03:04:43.805930+00:00
14,14,21,2023-07-26 03:04:43.807397+00:00
15,15,6,2023-07-26 03:04:43.808792+00:00
16,16,37,2023-07-26 03:04:43.812653+00:00
17,17,79,2023-07-26 03:04:43.814059+00:00
18,18,35,2023-07-26 03:04:43.815467+00:00
19,19,60,2023-07-26 03:04:43.816907+00:00
20,20,20,2023-07-26 03:04:43.818334+00:00
21,21,94,2023-07-26 03:04:43.819796+00:00
22,22,96,2023-07-26 03:04:43.821258+00:00
23,23,51,2023-07-26 03:04:43.822703+00:00
24,24,17,2023-07-26 03:04:43.824072+00:00
25,25,27,2023-07-26 03:04:43.825485+00:00
26,26,25,2023-07-26 03:04:43.826972+00:00
27,27,70,2023-07-26 03:04:43.828371+00:00
28,28,36,2023-07-26 03:04:43.830129+00:00
29,29,12,2023-07-26 03:04:43.831667+00:00
30,30,43,2023-07-26 03:04:43.833093+00:00
31,31,52,2023-07-26 03:04:43.834617+00:00
32,32,29,2023-07-26 03:04:43.836018+00:00
33,33,40,2023-07-26 03:04:43.837485+00:00
34,34,26,2023-07-26 03:04:43.838940+00:00
35,35,47,2023-07-26 03:04:43.840322+00:00
36,36,50,2023-07-26 03:04:43.841763+00:00
37,37,97,2023-07-26 03:04:43.843315+00:00
38,38,74,2023-07-26 03:04:43.844707+00:00
39,39,34,2023-07-26 03:04:43.846119+00:00
40,40,95,2023-07-26 03:04:43.847561+00:00
41,41,64,2023-07-26 03:04:43.848969+00:00
42,42,95,2023-07-26 03:04:43.850354+00:00
43,43,89,2023-07-26 03:04:43.851731+00:00
44,44,84,2023-07-26 03:04:43.853304+00:00
45,45,24,2023-07-26 03:04:43.854850+00:00
46,46,52,2023-07-26 03:04:43.856243+00:00
47,47,85,2023-07-26 03:04:43.857722+00:00
48,48,13,2023-07-26 03:04:43.859126+00:00
49,49,50,2023-07-26 03:04:43.860487+00:00
50,50,22,2023-07-26 03:04:43.861903+00:00
51,51,74,2023-07-26 03:04:43.863337+00:00
52,52,42,2023-07-26 03:04:43.864831+00:00
53,53,52,2023-07-26 03:04:43.866444+00:00
54,54,47,2023-07-26 03:04:43.868130+00:00
55,55,63,2023-07-26 03:04:43.869775+00:00
56,56,97,2023-07-26 03:04:43.871450+00:00
57,57,74,2023-07-26 03:04:43.873003+00:00
58,58,48,2023-07-26 03:04:43.874605+00:00
59,59,43,2023-07-26 03:04:43.876362+00:00
60,60,19,2023-07-26 03:04:43.877952+00:00
61,61,62,2023-07-26 03:04:43.879673+00:00
62,62,88,2023-07-26 03:04:43.881378+00:00
63,63,80,2023-07-26 03:04:43.883018+00:00
64,64,11,2023-07-26 03:04:43.889471+00:00
65,65,28,2023-07-26 03:04:43.890913+00:00
66,66,13,2023-07-26 03:04:43.894058+00:00
67,67,90,2023-07-26 03:04:43.895538+00:00
68,68,72,2023-07-26 03:04:43.897090+00:00
69,69,50,2023-07-26 03:04:43.898577+00:00
70,70,30,2023-07-26 03:04:43.900024+00:00
71,71,77,2023-07-26 03:04:43.901515+00:00
72,72,90,2023-07-26 03:04:43.902929+00:00
73,73,81,2023-07-26 03:04:43.904329+00:00
74,74,10,2023-07-26 03:04:43.905708+00:00
75,75,20,2023-07-26 03:04:43.907190+00:00
76,76,18,2023-07-26 03:04:43.908645+00:00
77,77,54,2023-07-26 03:04:43.910052+00:00
78,78,14,2023-07-26 03:04:43.911482+00:00
79,79,18,2023-07-26 03:04:43.913063+00:00
80,80,68,2023-07-26 03:04:43.914452+00:00
81,81,36,2023-07-26 03:04:43.915852+00:00
82,82,11,2023-07-26 03:04:43.917396+00:00
83,83,57,2023-07-26 03:04:43.918818+00:00
84,84,4,2023-07-26 03:04:43.920231+00:00
85,85,16,2023-07-26 03:04:43.921894+00:00
86,86,4,2023-07-26 03:04:43.923311+00:00
87,87,92,2023-07-26 03:04:43.924723+00:00
88,88,70,2023-07-26 03:04:43.926417+00:00
89,89,22,2023-07-26 03:04:43.927812+00:00
90,90,70,2023-07-26 03:04:43.929241+00:00
91,91,51,2023-07-26 03:04:43.930862+00:00
92,92,60,2023-07-26 03:04:43.932489+00:00
93,93,68,2023-07-26 03:04:43.933909+00:00
94,94,53,2023-07-26 03:04:43.935289+00:00
95,95,75,2023-07-26 03:04:43.936909+00:00
96,96,67,2023-07-26 03:04:43.938304+00:00
97,97,41,2023-07-26 03:04:43.939701+00:00
98,98,79,2023-07-26 03:04:43.941122+00:00
99,99,32,2023-07-26 03:04:43.942769+00:00
100,100,72,2023-07-26 03:04:43.944158+00:00
101,101,48,2023-07-26 03:04:43.945561+00:00
102,102,47,2023-07-26 03:04:43.946977+00:00
103,103,29,2023-07-26 03:04:43.948431+00:00
104,104,62,2023-07-26 03:04:43.949855+00:00
105,105,34,2023-07-26 03:04:43.951238+00:00
106,106,94,2023-07-26 03:04:43.952602+00:00
107,107,70,2023-07-26 03:04:43.954048+00:00
108,108,49,2023-07-26 03:04:43.955737+00:00
109,109,8,2023-07-26 03:04:43.957143+00:00
110,110,24,2023-07-26 03:04:43.958528+00:00
111,111,41,2023-07-26 03:04:43.960147+00:00
112,112,98,2023-07-26 03:04:43.961643+00:00
113,113,91,2023-07-26 03:04:43.963169+00:00
114,114,88,2023-07-26 03:04:43.964542+00:00
115,115,12,2023-07-26 03:04:43.966031+00:00
116,116,98,2023-07-26 03:04:43.967566+00:00
117,117,12,2023-07-26 03:04:43.969231+00:00
118,118,91,2023-07-26 03:04:43.970868+00:00
119,119,51,2023-07-26 03:04:43.972529+00:00
120,120,18,2023-07-26 03:04:43.974149+00:00
121,121,66,2023-07-26 03:04:43.975625+00:00
122,122,21,2023-07-26 03:04:43.977129+00:00
123,123,49,2023-07-26 03:04:43.978638+00:00
124,124,79,2023-07-26 03:04:43.980147+00:00
125,125,53,2023-07-26 03:04:43.981712+00:00
126,126,71,2023-07-26 03:04:43.983108+00:00
127,127,79,2023-07-26 03:04:43.984494+00:00
128,128,40,2023-07-26 03:04:43.986000+00:00
129,129,76,2023-07-26 03:04:43.987433+00:00
130,130,58,2023-07-26 03:04:43.988848+00:00
131,131,41,2023-07-26 03:04:43.990234+00:00
132,132,92,2023-07-26 03:04:43.991734+00:00
133,133,47,2023-07-26 03:04:43.993359+00:00
134,134,13,2023-07-26 03:04:43.994779+00:00
135,135,89,2023-07-26 03:04:43.996213+00:00
136,136,32,2023-07-26 03:04:43.997766+00:00
137,137,4,2023-07-26 03:04:43.999206+00:00
138,138,61,2023-07-26 03:04:44.000654+00:00
139,139,0,2023-07-26 03:04:44.002074+00:00
140,140,64,2023-07-26 03:04:44.003473+00:00
141,141,59,2023-07-26 03:04:44.004881+00:00
142,142,78,2023-07-26 03:04:44.006344+00:00
143,143,69,2023-07-26 03:04:44.007866+00:00
144,144,6,2023-07-26 03:04:44.009276+00:00
145,145,22,2023-07-26 03:04:44.010747+00:00
146,146,37,2023-07-26 03:04:44.012176+00:00
147,147,10,2023-07-26 03:04:44.013673+00:00
148,148,43,2023-07-26 03:04:44.015075+00:00
149,149,53,2023-07-26 03:04:44.016491+00:00
150,150,7,2023-07-26 03:04:44.018106+00:00
151,151,43,2023-07-26 03:04:44.019516+00:00
152,152,19,2023-07-26 03:04:44.020940+00:00
153,153,97,2023-07-26 03:04:44.022434+00:00
154,154,93,2023-07-26 03:04:44.023834+00:00
155,155,18,2023-07-26 03:04:44.025369+00:00
156,156,78,2023-07-26 03:04:44.026815+00:00
157,157,79,2023-07-26 03:04:44.028237+00:00
158,158,92,2023-07-26 03:04:44.029629+00:00
159,159,56,2023-07-26 03:04:44.031173+00:00
160,160,55,2023-07-26 03:04:44.032755+00:00
161,161,57,2023-07-26 03:04:44.034161+00:00
162,162,12,2023-07-26 03:04:44.035557+00:00
163,163,72,2023-07-26 03:04:44.037035+00:00
164,164,54,2023-07-26 03:04:44.038424+00:00
165,165,72,2023-07-26 03:04:44.039847+00:00
166,166,56,2023-07-26 03:04:44.041409+00:00
167,167,29,2023-07-26 03:04:44.043389+00:00
168,168,65,2023-07-26 03:04:44.044814+00:00
169,169,53,2023-07-26 03:04:44.046628+00:00
170,170,28,2023-07-26 03:04:44.048066+00:00
171,171,49,2023-07-26 03:04:44.049492+00:00
172,172,45,2023-07-26 03:04:44.050914+00:00
173,173,34,2023-07-26 03:04:44.052371+00:00
174,174,3,2023-07-26 03:04:44.053762+00:00
175,175,79,2023-07-26 03:04:44.055237+00:00
176,176,55,2023-07-26 03:04:44.056848+00:00
177,177,89,2023-07-26 03:04:44.058805+00:00
178,178,68,2023-07-26 03:04:44.060348+00:00
179,179,52,2023-07-26 03:04:44.061909+00:00
180,180,32,2023-07-26 03:04:44.063376+00:00
181,181,28,2023-07-26 03:04:44.065014+00:00
182,182,52,2023-07-26 03:04:44.066578+00:00
183,183,20,2023-07-26 03:04:44.068009+00:00
184,184,54,2023-07-26 03:04:44.069417+00:00
185,185,24,2023-07-26 03:04:44.070833+00:00
186,186,62,2023-07-26 03:04:44.072256+00:00
187,187,88,2023-07-26 03:04:44.073658+00:00
188,188,77,2023-07-26 03:04:44.075152+00:00
189,189,35,2023-07-26 03:04:44.076555+00:00
190,190,56,2023-07-26 03:04:44.078022+00:00
191,191,61,2023-07-26 03:04:44.079441+00:00
192,192,14,2023-07-26 03:04:44.080962+00:00
193,193,80,2023-07-26 03:04:44.082582+00:00
194,194,68,2023-07-26 03:04:44.084142+00:00
195,195,74,2023-07-26 03:04:44.085547+00:00
196,196,53,2023-07-26 03:04:44.086942+00:00
197,197,94,2023-07-26 03:04:44.088476+00:00
198,198,94,2023-07-26 03:04:44.089867+00:00
199,199,76,2023-07-26 03:04:44.091410+00:00
200,200,23,2023-07-26 03:04:44.093024+00:00
201,201,64,2023-07-26 03:04:44.094395+00:00
202,202,10,2023-07-26 03:04:44.095898+00:00
203,203,52,2023-07-26 03:04:44.097355+00:00
204,204,47,2023-07-26 03:04:44.098771+00:00
205,205,8,2023-07-26 03:04:44.100199+00:00
206,206,15,2023-07-26 03:04:44.101648+00:00
207,207,22,2023-07-26 03:04:44.103167+00:00
208,208,14,2023-07-26 03:04:44.104578+00:00
209,209,90,2023-07-26 03:04:44.105988+00:00
210,210,65,2023-07-26 03:04:44.107384+00:00
211,211,42,2023-07-26 03:04:44.108825+00:00
212,212,59,2023-07-26 03:04:44.110251+00:00
213,213,28,2023-07-26 03:04:44.111676+00:00
214,214,11,2023-07-26 03:04:44.113258+00:00
215,215,69,2023-07-26 03:04:44.114658+00:00
216,216,55,2023-07-26 03:04:44.116089+00:00
217,217,16,2023-07-26 03:04:44.117523+00:00
218,218,3,2023-07-26 03:04:44.118912+00:00
219,219,66,2023-07-26 03:04:44.120323+00:00
220,220,30,2023-07-26 03:04:44.121734+00:00
221,221,96,2023-07-26 03:04:44.123155+00:00
222,222,94,2023-07-26 03:04:44.124683+00:00
223,223,40,2023-07-26 03:04:44.126261+00:00
224,224,92,2023-07-26 03:04:44.127778+00:00
225,225,29,2023-07-26 03:04:44.129515+00:00
226,226,68,2023-07-26 03:04:44.131015+00:00
227,227,50,2023-07-26 03:04:44.132732+00:00
228,228,87,2023-07-26 03:04:44.134188+00:00
229,229,81,2023-07-26 03:04:44.135636+00:00
230,230,78,2023-07-26 03:04:44.137082+00:00
231,231,100,2023-07-26 03:04:44.138536+00:00
232,232,44,2023-07-26 03:04:44.140107+00:00
233,233,38,2023-07-26 03:04:44.141523+00:00
234,234,84,2023-07-26 03:04:44.143115+00:00
235,235,31,2023-07-26 03:04:44.144883+00:00
236,236,63,2023-07-26 03:04:44.146449+00:00
237,237,86,2023-07-26 03:04:44.148082+00:00
238,238,71,2023-07-26 03:04:44.149623+00:00
239,239,64,2023-07-26 03:04:44.151137+00:00
240,240,15,2023-07-26 03:04:44.152620+00:00
241,241,15,2023-07-26 03:04:44.154085+00:00
242,242,5,2023-07-26 03:04:44.155617+00:00
243,243,89,2023-07-26 03:04:44.157255+00:00
244,244,74,2023-07-26 03:04:44.158631+00:00
245,245,33,2023-07-26 03:04:44.160050+00:00
246,246,71,2023-07-26 03:04:44.161525+00:00
247,247,55,2023-07-26 03:04:44.162922+00:00
248,248,70,2023-07-26 03:04:44.164356+00:00
249,249,86,2023-07-26 03:04:44.165778+00:00
250,250,11,2023-07-26 03:04:44.167190+00:00
251,251,95,2023-07-26 03:04:44.168574+00:00
252,252,95,2023-07-26 03:04:44.169940+00:00
253,253,53,2023-07-26 03:04:44.171421+00:00
254,254,23,2023-07-26 03:04:44.172817+00:00
255,255,64,2023-07-26 03:04:44.174197+00:00
256,256,90,2023-07-26 03:04:44.175712+00:00
257,257,84,2023-07-26 03:04:44.177124+00:00
258,258,65,2023-07-26 03:04:44.178557+00:00
259,259,83,2023-07-26 03:04:44.180006+00:00
260,260,24,2023-07-26 03:04:44.181558+00:00
261,261,49,2023-07-26 03:04:44.183107+00:00
262,262,42,2023-07-26 03:04:44.184590+00:00
263,263,77,2023-07-26 03:04:44.186015+00:00
264,264,21,2023-07-26 03:04:44.187394+00:00
265,265,78,2023-07-26 03:04:44.188790+00:00
266,266,23,2023-07-26 03:04:44.190183+00:00
267,267,43,2023-07-26 03:04:44.191653+00:00
268,268,96,2023-07-26 03:04:44.193041+00:00
269,269,76,2023-07-26 03:04:44.194416+00:00
270,270,22,2023-07-26 03:04:44.196008+00:00
271,271,71,2023-07-26 03:04:44.197410+00:00
272,272,23,2023-07-26 03:04:44.198998+00:00
273,273,46,2023-07-26 03:04:44.200390+00:00
274,274,93,2023-07-26 03:04:44.202085+00:00
275,275,64,2023-07-26 03:04:44.203470+00:00
276,276,52,2023-07-26 03:04:44.204896+00:00
277,277,85,2023-07-26 03:04:44.206385+00:00
278,278,41,2023-07-26 03:04:44.207786+00:00
279,279,46,2023-07-26 03:04:44.209168+00:00
280,280,11,2023-07-26 03:04:44.210653+00:00
281,281,22,2023-07-26 03:04:44.212057+00:00
282,282,62,2023-07-26 03:04:44.213420+00:00
283,283,79,2023-07-26 03:04:44.214918+00:00
284,284,40,2023-07-26 03:04:44.216319+00:00
285,285,1,2023-07-26 03:04:44.217676+00:00
286,286,38,2023-07-26 03:04:44.219119+00:00
287,287,63,2023-07-26 03:04:44.220601+00:00
288,288,34,2023-07-26 03:04:44.221977+00:00
289,289,92,2023-07-26 03:04:44.223433+00:00
290,290,70,2023-07-26 03:04:44.224883+00:00
291,291,43,2023-07-26 03:04:44.226364+00:00
292,292,41,2023-07-26 03:04:44.227757+00:00
293,293,28,2023-07-26 03:04:44.229184+00:00
294,294,97,2023-07-26 03:04:44.230868+00:00
295,295,11,2023-07-26 03:04:44.233766+00:00
296,296,98,2023-07-26 03:04:44.236593+00:00
297,297,53,2023-07-26 03:04:44.238118+00:00
298,298,16,2023-07-26 03:04:44.239696+00:00
299,299,43,2023-07-26 03:04:44.241248+00:00
300,300,100,2023-07-26 03:04:44.242757+00:00
301,301,41,2023-07-26 03:04:44.244256+00:00
302,302,67,2023-07-26 03:04:44.245778+00:00
303,303,77,2023-07-26 03:04:44.247636+00:00
304,304,21,2023-07-26 03:04:44.249024+00:00
305,305,1,2023-07-26 03:04:44.250459+00:00
306,306,48,2023-07-26 03:04:44.251905+00:00
307,307,0,2023-07-26 03:04:44.253398+00:00
308,308,80,2023-07-26 03:04:44.254834+00:00
309,309,56,2023-07-26 03:04:44.256365+00:00
310,310,96,2023-07-26 03:04:44.257731+00:00
311,311,58,2023-07-26 03:04:44.259173+00:00
312,312,79,2023-07-26 03:04:44.260595+00:00
313,313,57,2023-07-26 03:04:44.262007+00:00
314,314,65,2023-07-26 03:04:44.263416+00:00
315,315,99,2023-07-26 03:04:44.264813+00:00
316,316,21,2023-07-26 03:04:44.266303+00:00
317,317,47,2023-07-26 03:04:44.267680+00:00
318,318,39,2023-07-26 03:04:44.269055+00:00
319,319,46,2023-07-26 03:04:44.270482+00:00
320,320,95,2023-07-26 03:04:44.271844+00:00
321,321,44,2023-07-26 03:04:44.273209+00:00
322,322,72,2023-07-26 03:04:44.274638+00:00
323,323,32,2023-07-26 03:04:44.276070+00:00
324,324,4,2023-07-26 03:04:44.277444+00:00
325,325,19,2023-07-26 03:04:44.278906+00:00
326,326,54,2023-07-26 03:04:44.280340+00:00
327,327,97,2023-07-26 03:04:44.281890+00:00
328,328,65,2023-07-26 03:04:44.283437+00:00
329,329,7,2023-07-26 03:04:44.284810+00:00
330,330,98,2023-07-26 03:04:44.286250+00:00
331,331,13,2023-07-26 03:04:44.287692+00:00
332,332,64,2023-07-26 03:04:44.289121+00:00
333,333,51,2023-07-26 03:04:44.290518+00:00
334,334,93,2023-07-26 03:04:44.291991+00:00
335,335,94,2023-07-26 03:04:44.293434+00:00
336,336,56,2023-07-26 03:04:44.294856+00:00
337,337,79,2023-07-26 03:04:44.296327+00:00
338,338,95,2023-07-26 03:04:44.297916+00:00
339,339,87,2023-07-26 03:04:44.299680+00:00
340,340,31,2023-07-26 03:04:44.301105+00:00
341,341,14,2023-07-26 03:04:44.302493+00:00
342,342,56,2023-07-26 03:04:44.303897+00:00
343,343,89,2023-07-26 03:04:44.305454+00:00
344,344,72,2023-07-26 03:04:44.306919+00:00
345,345,11,2023-07-26 03:04:44.308392+00:00
346,346,14,2023-07-26 03:04:44.309909+00:00
347,347,17,2023-07-26 03:04:44.311314+00:00
348,348,85,2023-07-26 03:04:44.312697+00:00
349,349,51,2023-07-26 03:04:44.314485+00:00
350,350,77,2023-07-26 03:04:44.315889+00:00
351,351,19,2023-07-26 03:04:44.317436+00:00
352,352,74,2023-07-26 03:04:44.319170+00:00
353,353,67,2023-07-26 03:04:44.320725+00:00
354,354,4,2023-07-26 03:04:44.322235+00:00
355,355,37,2023-07-26 03:04:44.324065+00:00
356,356,76,2023-07-26 03:04:44.325553+00:00
357,357,66,2023-07-26 03:04:44.327049+00:00
358,358,97,2023-07-26 03:04:44.328523+00:00
359,359,52,2023-07-26 03:04:44.330065+00:00
360,360,63,2023-07-26 03:04:44.331498+00:00
361,361,69,2023-07-26 03:04:44.333142+00:00
362,362,48,2023-07-26 03:04:44.334622+00:00
363,363,67,2023-07-26 03:04:44.335990+00:00
364,364,65,2023-07-26 03:04:44.337520+00:00
365,365,67,2023-07-26 03:04:44.338929+00:00
366,366,98,2023-07-26 03:04:44.340301+00:00
367,367,84,2023-07-26 03:04:44.341700+00:00
368,368,39,2023-07-26 03:04:44.343093+00:00
369,369,32,2023-07-26 03:04:44.344662+00:00
370,370,8,2023-07-26 03:04:44.346056+00:00
371,371,66,2023-07-26 03:04:44.347441+00:00
372,372,65,2023-07-26 03:04:44.348953+00:00
373,373,10,2023-07-26 03:04:44.350360+00:00
374,374,57,2023-07-26 03:04:44.351748+00:00
375,375,54,2023-07-26 03:04:44.353384+00:00
376,376,5,2023-07-26 03:04:44.354766+00:00
377,377,79,2023-07-26 03:04:44.356152+00:00
378,378,33,2023-07-26 03:04:44.357561+00:00
379,379,9,2023-07-26 03:04:44.359213+00:00
380,380,4,2023-07-26 03:04:44.360586+00:00
381,381,10,2023-07-26 03:04:44.361992+00:00
382,382,0,2023-07-26 03:04:44.363423+00:00
383,383,75,2023-07-26 03:04:44.364836+00:00
384,384,69,2023-07-26 03:04:44.366231+00:00
385,385,86,2023-07-26 03:04:44.367712+00:00
386,386,58,2023-07-26 03:04:44.369335+00:00
387,387,80,2023-07-26 03:04:44.370791+00:00
388,388,73,2023-07-26 03:04:44.372251+00:00
389,389,95,2023-07-26 03:04:44.373716+00:00
390,390,47,2023-07-26 03:04:44.375120+00:00
391,391,88,2023-07-26 03:04:44.376526+00:00
392,392,1,2023-07-26 03:04:44.377912+00:00
393,393,1,2023-07-26 03:04:44.379300+00:00
394,394,19,2023-07-26 03:04:44.380775+00:00
395,395,30,2023-07-26 03:04:44.382206+00:00
396,396,39,2023-07-26 03:04:44.383762+00:00
397,397,79,2023-07-26 03:04:44.385309+00:00
398,398,8,2023-07-26 03:04:44.386712+00:00
399,399,94,2023-07-26 03:04:44.388063+00:00
400,400,61,2023-07-26 03:04:44.390434+00:00
401,401,40,2023-07-26 03:04:44.391811+00:00
402,402,15,2023-07-26 03:04:44.393268+00:00
403,403,68,2023-07-26 03:04:44.394733+00:00
404,404,24,2023-07-26 03:04:44.396207+00:00
405,405,5,2023-07-26 03:04:44.397637+00:00
406,406,52,2023-07-26 03:04:44.399016+00:00
407,407,82,2023-07-26 03:04:44.400572+00:00
408,408,58,2023-07-26 03:04:44.401962+00:00
409,409,30,2023-07-26 03:04:44.403328+00:00
410,410,17,2023-07-26 03:04:44.405113+00:00
411,411,65,2023-07-26 03:04:44.406755+00:00
412,412,49,2023-07-26 03:04:44.408366+00:00
413,413,46,2023-07-26 03:04:44.410054+00:00
414,414,7,2023-07-26 03:04:44.411502+00:00
415,415,91,2023-07-26 03:04:44.413186+00:00
416,416,63,2023-07-26 03:04:44.414809+00:00
417,417,32,2023-07-26 03:04:44.416291+00:00
418,418,90,2023-07-26 03:04:44.417684+00:00
419,419,95,2023-07-26 03:04:44.419050+00:00
420,420,80,2023-07-26 03:04:44.420524+00:00
421,421,7,2023-07-26 03:04:44.421905+00:00
422,422,33,2023-07-26 03:04:44.423258+00:00
423,423,14,2023-07-26 03:04:44.424729+00:00
424,424,55,2023-07-26 03:04:44.426100+00:00
425,425,0,2023-07-26 03:04:44.427455+00:00
426,426,1,2023-07-26 03:04:44.428940+00:00
427,427,22,2023-07-26 03:04:44.430388+00:00
428,428,52,2023-07-26 03:04:44.431738+00:00
429,429,23,2023-07-26 03:04:44.433460+00:00
430,430,57,2023-07-26 03:04:44.435019+00:00
431,431,65,2023-07-26 03:04:44.436528+00:00
432,432,58,2023-07-26 03:04:44.437905+00:00
433,433,74,2023-07-26 03:04:44.439274+00:00
434,434,4,2023-07-26 03:04:44.440678+00:00
435,435,33,2023-07-26 03:04:44.442284+00:00
436,436,25,2023-07-26 03:04:44.443794+00:00
437,437,82,2023-07-26 03:04:44.445312+00:00
438,438,70,2023-07-26 03:04:44.446711+00:00
439,439,3,2023-07-26 03:04:44.448111+00:00
440,440,67,2023-07-26 03:04:44.449476+00:00
441,441,85,2023-07-26 03:04:44.450881+00:00
442,442,56,2023-07-26 03:04:44.452396+00:00
443,443,29,2023-07-26 03:04:44.453760+00:00
444,444,27,2023-07-26 03:04:44.455172+00:00
445,445,87,2023-07-26 03:04:44.456627+00:00
446,446,32,2023-07-26 03:04:44.457978+00:00
447,447,9,2023-07-26 03:04:44.459368+00:00
448,448,46,2023-07-26 03:04:44.460832+00:00
449,449,49,2023-07-26 03:04:44.462192+00:00
450,450,82,2023-07-26 03:04:44.463700+00:00
451,451,81,2023-07-26 03:04:44.465254+00:00
452,452,62,2023-07-26 03:04:44.466664+00:00
453,453,2,2023-07-26 03:04:44.468071+00:00
454,454,72,2023-07-26 03:04:44.469441+00:00
455,455,68,2023-07-26 03:04:44.470819+00:00
456,456,41,2023-07-26 03:04:44.472293+00:00
457,457,73,2023-07-26 03:04:44.473662+00:00
458,458,22,2023-07-26 03:04:44.475088+00:00
459,459,9,2023-07-26 03:04:44.476643+00:00
460,460,12,2023-07-26 03:04:44.478028+00:00
461,461,82,2023-07-26 03:04:44.479415+00:00
462,462,10,2023-07-26 03:04:44.480804+00:00
463,463,94,2023-07-26 03:04:44.482184+00:00
464,464,71,2023-07-26 03:04:44.483549+00:00
465,465,64,2023-07-26 03:04:44.484989+00:00
466,466,4,2023-07-26 03:04:44.486640+00:00
467,467,19,2023-07-26 03:04:44.488244+00:00
468,468,94,2023-07-26 03:04:44.489660+00:00
469,469,44,2023-07-26 03:04:44.491287+00:00
470,470,70,2023-07-26 03:04:44.493224+00:00
471,471,42,2023-07-26 03:04:44.494775+00:00
472,472,85,2023-07-26 03:04:44.496270+00:00
473,473,84,2023-07-26 03:04:44.497743+00:00
474,474,62,2023-07-26 03:04:44.499323+00:00
475,475,88,2023-07-26 03:04:44.500777+00:00
476,476,22,2023-07-26 03:04:44.502236+00:00
477,477,21,2023-07-26 03:04:44.503755+00:00
478,478,48,2023-07-26 03:04:44.505117+00:00
479,479,95,2023-07-26 03:04:44.506497+00:00
480,480,70,2023-07-26 03:04:44.508025+00:00
481,481,91,2023-07-26 03:04:44.509400+00:00
482,482,66,2023-07-26 03:04:44.510763+00:00
483,483,28,2023-07-26 03:04:44.512561+00:00
484,484,16,2023-07-26 03:04:44.513988+00:00
485,485,15,2023-07-26 03:04:44.515345+00:00
486,486,20,2023-07-26 03:04:44.516715+00:00
487,487,49,2023-07-26 03:04:44.518126+00:00
488,488,0,2023-07-26 03:04:44.519644+00:00
489,489,40,2023-07-26 03:04:44.521034+00:00
490,490,15,2023-07-26 03:04:44.522447+00:00
491,491,47,2023-07-26 03:04:44.523843+00:00
492,492,84,2023-07-26 03:04:44.525195+00:00
493,493,46,2023-07-26 03:04:44.526639+00:00
494,494,39,2023-07-26 03:04:44.528019+00:00
495,495,52,2023-07-26 03:04:44.529369+00:00
496,496,88,2023-07-26 03:04:44.530850+00:00
497,497,59,2023-07-26 03:04:44.532260+00:00
498,498,57,2023-07-26 03:04:44.533635+00:00
499,499,5,2023-07-26 03:04:44.534983+00:00
500,500,82,2023-07-26 03:04:44.536445+00:00
501,501,76,2023-07-26 03:04:44.538092+00:00
502,502,82,2023-07-26 03:04:44.539636+00:00
503,503,87,2023-07-26 03:04:44.541024+00:00
504,504,96,2023-07-26 03:04:44.542460+00:00
505,505,34,2023-07-26 03:04:44.544137+00:00
506,506,38,2023-07-26 03:04:44.545541+00:00
507,507,89,2023-07-26 03:04:44.546916+00:00
508,508,14,2023-07-26 03:04:44.548333+00:00
509,509,31,2023-07-26 03:04:44.549714+00:00
510,510,32,2023-07-26 03:04:44.555834+00:00
511,511,11,2023-07-26 03:04:44.557311+00:00
512,512,49,2023-07-26 03:04:44.558835+00:00
513,513,39,2023-07-26 03:04:44.560519+00:00
514,514,89,2023-07-26 03:04:44.562027+00:00
515,515,5,2023-07-26 03:04:44.563642+00:00
516,516,38,2023-07-26 03:04:44.565000+00:00
517,517,78,2023-07-26 03:04:44.566599+00:00
518,518,71,2023-07-26 03:04:44.568006+00:00
519,519,85,2023-07-26 03:04:44.569377+00:00
520,520,9,2023-07-26 03:04:44.570803+00:00
521,521,63,2023-07-26 03:04:44.572536+00:00
522,522,26,2023-07-26 03:04:44.573904+00:00
523,523,78,2023-07-26 03:04:44.575379+00:00
524,524,61,2023-07-26 03:04:44.576751+00:00
525,525,17,2023-07-26 03:04:44.578147+00:00
526,526,8,2023-07-26 03:04:44.579535+00:00
527,527,54,2023-07-26 03:04:44.581113+00:00
528,528,82,2023-07-26 03:04:44.583241+00:00
529,529,44,2023-07-26 03:04:44.584859+00:00
530,530,11,2023-07-26 03:04:44.586451+00:00
531,531,55,2023-07-26 03:04:44.588148+00:00
532,532,32,2023-07-26 03:04:44.589922+00:00
533,533,78,2023-07-26 03:04:44.591472+00:00
534,534,6,2023-07-26 03:04:44.593133+00:00
535,535,54,2023-07-26 03:04:44.594628+00:00
536,536,52,2023-07-26 03:04:44.596087+00:00
537,537,30,2023-07-26 03:04:44.597646+00:00
538,538,85,2023-07-26 03:04:44.599052+00:00
539,539,21,2023-07-26 03:04:44.600411+00:00
540,540,82,2023-07-26 03:04:44.601821+00:00
541,541,69,2023-07-26 03:04:44.603178+00:00
542,542,24,2023-07-26 03:04:44.604541+00:00
543,543,18,2023-07-26 03:04:44.606006+00:00
544,544,90,2023-07-26 03:04:44.607402+00:00
545,545,85,2023-07-26 03:04:44.608743+00:00
546,546,15,2023-07-26 03:04:44.610145+00:00
547,547,34,2023-07-26 03:04:44.611680+00:00
548,548,7,2023-07-26 03:04:44.613045+00:00
549,549,49,2023-07-26 03:04:44.614419+00:00
550,550,51,2023-07-26 03:04:44.615791+00:00
551,551,31,2023-07-26 03:04:44.617157+00:00
552,552,23,2023-07-26 03:04:44.618614+00:00
553,553,70,2023-07-26 03:04:44.619967+00:00
554,554,25,2023-07-26 03:04:44.621414+00:00
555,555,18,2023-07-26 03:04:44.623347+00:00
556,556,15,2023-07-26 03:04:44.624874+00:00
557,557,41,2023-07-26 03:04:44.626286+00:00
558,558,64,2023-07-26 03:04:44.627641+00:00
559,559,30,2023-07-26 03:04:44.629043+00:00
560,560,39,2023-07-26 03:04:44.630756+00:00
561,561,25,2023-07-26 03:04:44.632117+00:00
562,562,36,2023-07-26 03:04:44.633564+00:00
563,563,4,2023-07-26 03:04:44.635294+00:00
564,564,99,2023-07-26 03:04:44.636836+00:00
565,565,55,2023-07-26 03:04:44.638437+00:00
566,566,61,2023-07-26 03:04:44.639853+00:00
567,567,54,2023-07-26 03:04:44.641228+00:00
568,568,15,2023-07-26 03:04:44.642706+00:00
569,569,85,2023-07-26 03:04:44.644113+00:00
570,570,80,2023-07-26 03:04:44.645752+00:00
571,571,37,2023-07-26 03:04:44.647152+00:00
572,572,75,2023-07-26 03:04:44.648564+00:00
573,573,8,2023-07-26 03:04:44.650371+00:00
574,574,18,2023-07-26 03:04:44.651910+00:00
575,575,32,2023-07-26 03:04:44.653292+00:00
576,576,82,2023-07-26 03:04:44.654740+00:00
577,577,81,2023-07-26 03:04:44.656129+00:00
578,578,41,2023-07-26 03:04:44.657527+00:00
579,579,49,2023-07-26 03:04:44.659085+00:00
580,580,23,2023-07-26 03:04:44.660440+00:00
581,581,32,2023-07-26 03:04:44.661804+00:00
582,582,55,2023-07-26 03:04:44.663173+00:00
583,583,78,2023-07-26 03:04:44.664590+00:00
584,584,52,2023-07-26 03:04:44.666023+00:00
585,585,90,2023-07-26 03:04:44.667584+00:00
586,586,53,2023-07-26 03:04:44.669238+00:00
587,587,98,2023-07-26 03:04:44.670941+00:00
588,588,92,2023-07-26 03:04:44.672509+00:00
589,589,63,2023-07-26 03:04:44.674158+00:00
590,590,34,2023-07-26 03:04:44.675591+00:00
591,591,62,2023-07-26 03:04:44.677137+00:00
592,592,69,2023-07-26 03:04:44.678844+00:00
593,593,63,2023-07-26 03:04:44.680544+00:00
594,594,1,2023-07-26 03:04:44.682445+00:00
595,595,32,2023-07-26 03:04:44.683854+00:00
596,596,10,2023-07-26 03:04:44.685232+00:00
597,597,32,2023-07-26 03:04:44.686631+00:00
598,598,54,2023-07-26 03:04:44.688362+00:00
599,599,15,2023-07-26 03:04:44.689954+00:00
600,600,69,2023-07-26 03:04:44.691360+00:00
601,601,62,2023-07-26 03:04:44.692805+00:00
602,602,84,2023-07-26 03:04:44.694195+00:00
603,603,23,2023-07-26 03:04:44.695893+00:00
604,604,93,2023-07-26 03:04:44.697367+00:00
605,605,14,2023-07-26 03:04:44.698764+00:00
606,606,82,2023-07-26 03:04:44.700125+00:00
607,607,76,2023-07-26 03:04:44.701687+00:00
608,608,30,2023-07-26 03:04:44.703595+00:00
609,609,99,2023-07-26 03:04:44.705046+00:00
610,610,18,2023-07-26 03:04:44.706412+00:00
611,611,76,2023-07-26 03:04:44.707995+00:00
612,612,9,2023-07-26 03:04:44.709394+00:00
613,613,47,2023-07-26 03:04:44.710910+00:00
614,614,52,2023-07-26 03:04:44.712325+00:00
615,615,73,2023-07-26 03:04:44.713785+00:00
616,616,87,2023-07-26 03:04:44.715163+00:00
617,617,49,2023-07-26 03:04:44.716553+00:00
618,618,44,2023-07-26 03:04:44.717997+00:00
619,619,76,2023-07-26 03:04:44.719355+00:00
620,620,85,2023-07-26 03:04:44.720745+00:00
621,621,78,2023-07-26 03:04:44.722309+00:00
622,622,9,2023-07-26 03:04:44.723725+00:00
623,623,31,2023-07-26 03:04:44.725109+00:00
624,624,70,2023-07-26 03:04:44.726489+00:00
625,625,99,2023-07-26 03:04:44.728022+00:00
626,626,28,2023-07-26 03:04:44.729645+00:00
627,627,42,2023-07-26 03:04:44.731262+00:00
628,628,21,2023-07-26 03:04:44.732837+00:00
629,629,27,2023-07-26 03:04:44.734230+00:00
630,630,97,2023-07-26 03:04:44.735719+00:00
631,631,58,2023-07-26 03:04:44.737148+00:00
632,632,83,2023-07-26 03:04:44.739074+00:00
633,633,48,2023-07-26 03:04:44.740734+00:00
634,634,7,2023-07-26 03:04:44.742576+00:00
635,635,34,2023-07-26 03:04:44.744018+00:00
636,636,10,2023-07-26 03:04:44.745549+00:00
637,637,67,2023-07-26 03:04:44.746932+00:00
638,638,11,2023-07-26 03:04:44.748375+00:00
639,639,42,2023-07-26 03:04:44.749765+00:00
640,640,22,2023-07-26 03:04:44.751162+00:00
641,641,68,2023-07-26 03:04:44.752653+00:00
642,642,86,2023-07-26 03:04:44.754030+00:00
643,643,0,2023-07-26 03:04:44.755381+00:00
644,644,86,2023-07-26 03:04:44.756800+00:00
645,645,35,2023-07-26 03:04:44.758249+00:00
646,646,53,2023-07-26 03:04:44.759775+00:00
647,647,50,2023-07-26 03:04:44.761382+00:00
648,648,76,2023-07-26 03:04:44.762932+00:00
649,649,44,2023-07-26 03:04:44.764467+00:00
650,650,4,2023-07-26 03:04:44.765972+00:00
651,651,88,2023-07-26 03:04:44.767476+00:00
652,652,33,2023-07-26 03:04:44.769129+00:00
653,653,92,2023-07-26 03:04:44.770596+00:00
654,654,56,2023-07-26 03:04:44.772087+00:00
655,655,65,2023-07-26 03:04:44.773787+00:00
656,656,14,2023-07-26 03:04:44.775180+00:00
657,657,75,2023-07-26 03:04:44.776590+00:00
658,658,41,2023-07-26 03:04:44.778108+00:00
659,659,26,2023-07-26 03:04:44.779654+00:00
660,660,43,2023-07-26 03:04:44.781086+00:00
661,661,24,2023-07-26 03:04:44.782493+00:00
662,662,26,2023-07-26 03:04:44.784006+00:00
663,663,37,2023-07-26 03:04:44.785398+00:00
664,664,24,2023-07-26 03:04:44.786789+00:00
665,665,18,2023-07-26 03:04:44.788385+00:00
666,666,60,2023-07-26 03:04:44.789950+00:00
667,667,87,2023-07-26 03:04:44.791458+00:00
668,668,71,2023-07-26 03:04:44.792829+00:00
669,669,48,2023-07-26 03:04:44.794351+00:00
670,670,0,2023-07-26 03:04:44.795755+00:00
671,671,35,2023-07-26 03:04:44.797288+00:00
672,672,59,2023-07-26 03:04:44.798689+00:00
673,673,92,2023-07-26 03:04:44.800123+00:00
674,674,45,2023-07-26 03:04:44.801580+00:00
675,675,97,2023-07-26 03:04:44.802967+00:00
676,676,49,2023-07-26 03:04:44.804557+00:00
677,677,91,2023-07-26 03:04:44.805933+00:00
678,678,16,2023-07-26 03:04:44.807331+00:00
679,679,12,2023-07-26 03:04:44.809005+00:00
680,680,15,2023-07-26 03:04:44.810399+00:00
681,681,11,2023-07-26 03:04:44.811774+00:00
682,682,100,2023-07-26 03:04:44.813311+00:00
683,683,50,2023-07-26 03:04:44.814672+00:00
684,684,13,2023-07-26 03:04:44.816039+00:00
685,685,86,2023-07-26 03:04:44.817398+00:00
686,686,13,2023-07-26 03:04:44.818795+00:00
687,687,37,2023-07-26 03:04:44.820340+00:00
688,688,29,2023-07-26 03:04:44.821700+00:00
689,689,9,2023-07-26 03:04:44.823075+00:00
690,690,35,2023-07-26 03:04:44.824573+00:00
691,691,20,2023-07-26 03:04:44.825921+00:00
692,692,58,2023-07-26 03:04:44.827339+00:00
693,693,39,2023-07-26 03:04:44.828862+00:00
694,694,81,2023-07-26 03:04:44.830368+00:00
695,695,50,2023-07-26 03:04:44.831759+00:00
696,696,73,2023-07-26 03:04:44.833546+00:00
697,697,30,2023-07-26 03:04:44.834924+00:00
698,698,46,2023-07-26 03:04:44.836460+00:00
699,699,10,2023-07-26 03:04:44.837941+00:00
700,700,10,2023-07-26 03:04:44.839561+00:00
701,701,23,2023-07-26 03:04:44.840977+00:00
702,702,44,2023-07-26 03:04:44.842355+00:00
703,703,73,2023-07-26 03:04:44.843777+00:00
704,704,14,2023-07-26 03:04:44.845161+00:00
705,705,33,2023-07-26 03:04:44.846575+00:00
706,706,47,2023-07-26 03:04:44.851778+00:00
707,707,82,2023-07-26 03:04:44.853420+00:00
708,708,25,2023-07-26 03:04:44.854904+00:00
709,709,70,2023-07-26 03:04:44.856568+00:00
710,710,81,2023-07-26 03:04:44.858133+00:00
711,711,39,2023-07-26 03:04:44.859610+00:00
712,712,26,2023-07-26 03:04:44.861078+00:00
713,713,39,2023-07-26 03:04:44.862445+00:00
714,714,87,2023-07-26 03:04:44.863879+00:00
715,715,65,2023-07-26 03:04:44.865284+00:00
716,716,74,2023-07-26 03:04:44.866646+00:00
717,717,42,2023-07-26 03:04:44.868092+00:00
718,718,32,2023-07-26 03:04:44.869647+00:00
719,719,41,2023-07-26 03:04:44.871178+00:00
720,720,23,2023-07-26 03:04:44.872550+00:00
721,721,13,2023-07-26 03:04:44.873932+00:00
722,722,81,2023-07-26 03:04:44.875446+00:00
723,723,53,2023-07-26 03:04:44.876837+00:00
724,724,63,2023-07-26 03:04:44.878208+00:00
725,725,66,2023-07-26 03:04:44.879700+00:00
726,726,66,2023-07-26 03:04:44.881054+00:00
727,727,17,2023-07-26 03:04:44.882413+00:00
728,728,22,2023-07-26 03:04:44.883979+00:00
729,729,72,2023-07-26 03:04:44.885353+00:00
730,730,86,2023-07-26 03:04:44.886711+00:00
731,731,84,2023-07-26 03:04:44.888290+00:00
732,732,53,2023-07-26 03:04:44.889933+00:00
733,733,86,2023-07-26 03:04:44.891434+00:00
734,734,33,2023-07-26 03:04:44.892819+00:00
735,735,59,2023-07-26 03:04:44.894217+00:00
736,736,25,2023-07-26 03:04:44.895898+00:00
737,737,39,2023-07-26 03:04:44.897285+00:00
738,738,94,2023-07-26 03:04:44.898690+00:00
739,739,56,2023-07-26 03:04:44.900264+00:00
740,740,65,2023-07-26 03:04:44.901648+00:00
741,741,94,2023-07-26 03:04:44.903046+00:00
742,742,78,2023-07-26 03:04:44.904826+00:00
743,743,65,2023-07-26 03:04:44.906243+00:00
744,744,23,2023-07-26 03:04:44.907637+00:00
745,745,96,2023-07-26 03:04:44.909038+00:00
746,746,26,2023-07-26 03:04:44.910525+00:00
747,747,17,2023-07-26 03:04:44.912009+00:00
748,748,43,2023-07-26 03:04:44.913390+00:00
749,749,83,2023-07-26 03:04:44.914813+00:00
750,750,7,2023-07-26 03:04:44.916379+00:00
751,751,63,2023-07-26 03:04:44.917742+00:00
752,752,28,2023-07-26 03:04:44.919177+00:00
753,753,18,2023-07-26 03:04:44.920587+00:00
754,754,34,2023-07-26 03:04:44.921948+00:00
755,755,34,2023-07-26 03:04:44.923412+00:00
756,756,39,2023-07-26 03:04:44.924876+00:00
757,757,5,2023-07-26 03:04:44.926526+00:00
758,758,67,2023-07-26 03:04:44.927946+00:00
759,759,59,2023-07-26 03:04:44.929384+00:00
760,760,39,2023-07-26 03:04:44.930958+00:00
761,761,63,2023-07-26 03:04:44.932393+00:00
762,762,5,2023-07-26 03:04:44.933781+00:00
763,763,85,2023-07-26 03:04:44.935359+00:00
764,764,73,2023-07-26 03:04:44.936991+00:00
765,765,21,2023-07-26 03:04:44.938804+00:00
766,766,34,2023-07-26 03:04:44.940533+00:00
767,767,5,2023-07-26 03:04:44.942159+00:00
768,768,85,2023-07-26 03:04:44.943748+00:00
769,769,35,2023-07-26 03:04:44.945181+00:00
770,770,6,2023-07-26 03:04:44.946616+00:00
771,771,27,2023-07-26 03:04:44.947993+00:00
772,772,36,2023-07-26 03:04:44.949353+00:00
773,773,45,2023-07-26 03:04:44.950886+00:00
774,774,86,2023-07-26 03:04:44.952298+00:00
775,775,14,2023-07-26 03:04:44.953789+00:00
776,776,59,2023-07-26 03:04:44.955195+00:00
777,777,38,2023-07-26 03:04:44.956629+00:00
778,778,78,2023-07-26 03:04:44.958009+00:00
779,779,21,2023-07-26 03:04:44.959414+00:00
780,780,82,2023-07-26 03:04:44.960934+00:00
781,781,58,2023-07-26 03:04:44.962298+00:00
782,782,74,2023-07-26 03:04:44.963790+00:00
783,783,56,2023-07-26 03:04:44.965173+00:00
784,784,3,2023-07-26 03:04:44.966586+00:00
785,785,97,2023-07-26 03:04:44.968140+00:00
786,786,16,2023-07-26 03:04:44.969520+00:00
787,787,39,2023-07-26 03:04:44.970885+00:00
788,788,48,2023-07-26 03:04:44.972266+00:00
789,789,100,2023-07-26 03:04:44.973626+00:00
790,790,8,2023-07-26 03:04:44.975058+00:00
791,791,37,2023-07-26 03:04:44.976840+00:00
792,792,93,2023-07-26 03:04:44.978219+00:00
793,793,100,2023-07-26 03:04:44.979582+00:00
794,794,7,2023-07-26 03:04:44.980980+00:00
795,795,97,2023-07-26 03:04:44.982388+00:00
796,796,70,2023-07-26 03:04:44.983872+00:00
797,797,93,2023-07-26 03:04:44.985267+00:00
798,798,46,2023-07-26 03:04:44.986888+00:00
799,799,33,2023-07-26 03:04:44.988525+00:00
800,800,5,2023-07-26 03:04:44.990219+00:00
801,801,11,2023-07-26 03:04:44.991802+00:00
802,802,52,2023-07-26 03:04:44.993202+00:00
803,803,64,2023-07-26 03:04:44.994650+00:00
804,804,80,2023-07-26 03:04:44.996036+00:00
805,805,39,2023-07-26 03:04:44.997419+00:00
806,806,69,2023-07-26 03:04:44.998972+00:00
807,807,44,2023-07-26 03:04:45.000346+00:00
808,808,95,2023-07-26 03:04:45.001716+00:00
809,809,72,2023-07-26 03:04:45.003201+00:00
810,810,94,2023-07-26 03:04:45.004595+00:00
811,811,12,2023-07-26 03:04:45.005982+00:00
812,812,34,2023-07-26 03:04:45.007681+00:00
813,813,21,2023-07-26 03:04:45.009093+00:00
814,814,28,2023-07-26 03:04:45.010595+00:00
815,815,30,2023-07-26 03:04:45.011979+00:00
816,816,22,2023-07-26 03:04:45.013342+00:00
817,817,32,2023-07-26 03:04:45.014803+00:00
818,818,70,2023-07-26 03:04:45.016192+00:00
819,819,77,2023-07-26 03:04:45.017577+00:00
820,820,71,2023-07-26 03:04:45.019015+00:00
821,821,25,2023-07-26 03:04:45.020613+00:00
822,822,31,2023-07-26 03:04:45.022086+00:00
823,823,90,2023-07-26 03:04:45.023888+00:00
824,824,15,2023-07-26 03:04:45.025449+00:00
825,825,55,2023-07-26 03:04:45.026921+00:00
826,826,80,2023-07-26 03:04:45.028431+00:00
827,827,7,2023-07-26 03:04:45.029940+00:00
828,828,31,2023-07-26 03:04:45.031420+00:00
829,829,24,2023-07-26 03:04:45.032832+00:00
830,830,36,2023-07-26 03:04:45.034206+00:00
831,831,60,2023-07-26 03:04:45.035569+00:00
832,832,34,2023-07-26 03:04:45.036958+00:00
833,833,60,2023-07-26 03:04:45.038499+00:00
834,834,88,2023-07-26 03:04:45.040234+00:00
835,835,72,2023-07-26 03:04:45.041798+00:00
836,836,75,2023-07-26 03:04:45.044042+00:00
837,837,71,2023-07-26 03:04:45.045415+00:00
838,838,83,2023-07-26 03:04:45.046769+00:00
839,839,60,2023-07-26 03:04:45.048305+00:00
840,840,92,2023-07-26 03:04:45.049679+00:00
841,841,59,2023-07-26 03:04:45.051057+00:00
842,842,16,2023-07-26 03:04:45.052695+00:00
843,843,96,2023-07-26 03:04:45.054218+00:00
844,844,20,2023-07-26 03:04:45.055614+00:00
845,845,91,2023-07-26 03:04:45.057140+00:00
846,846,6,2023-07-26 03:04:45.058768+00:00
847,847,22,2023-07-26 03:04:45.060130+00:00
848,848,56,2023-07-26 03:04:45.061500+00:00
849,849,73,2023-07-26 03:04:45.063029+00:00
850,850,10,2023-07-26 03:04:45.064379+00:00
851,851,78,2023-07-26 03:04:45.065741+00:00
852,852,14,2023-07-26 03:04:45.067247+00:00
853,853,98,2023-07-26 03:04:45.068613+00:00
854,854,54,2023-07-26 03:04:45.070136+00:00
855,855,52,2023-07-26 03:04:45.071523+00:00
856,856,67,2023-07-26 03:04:45.073282+00:00
857,857,45,2023-07-26 03:04:45.075779+00:00
858,858,88,2023-07-26 03:04:45.077235+00:00
859,859,42,2023-07-26 03:04:45.078750+00:00
860,860,53,2023-07-26 03:04:45.080160+00:00
861,861,23,2023-07-26 03:04:45.081570+00:00
862,862,78,2023-07-26 03:04:45.082954+00:00
863,863,1,2023-07-26 03:04:45.084333+00:00
864,864,92,2023-07-26 03:04:45.085800+00:00
865,865,16,2023-07-26 03:04:45.087916+00:00
866,866,46,2023-07-26 03:04:45.089351+00:00
867,867,44,2023-07-26 03:04:45.090866+00:00
868,868,46,2023-07-26 03:04:45.092453+00:00
869,869,26,2023-07-26 03:04:45.093878+00:00
870,870,57,2023-07-26 03:04:45.095270+00:00
871,871,8,2023-07-26 03:04:45.096617+00:00
872,872,70,2023-07-26 03:04:45.097961+00:00
873,873,64,2023-07-26 03:04:45.099359+00:00
874,874,50,2023-07-26 03:04:45.101161+00:00
875,875,84,2023-07-26 03:04:45.102549+00:00
876,876,87,2023-07-26 03:04:45.103909+00:00
877,877,41,2023-07-26 03:04:45.105301+00:00
878,878,77,2023-07-26 03:04:45.106753+00:00
879,879,64,2023-07-26 03:04:45.108098+00:00
880,880,65,2023-07-26 03:04:45.109740+00:00
881,881,55,2023-07-26 03:04:45.111415+00:00
882,882,27,2023-07-26 03:04:45.112983+00:00
883,883,14,2023-07-26 03:04:45.114444+00:00
884,884,77,2023-07-26 03:04:45.116208+00:00
885,885,82,2023-07-26 03:04:45.117652+00:00
886,886,52,2023-07-26 03:04:45.119371+00:00
887,887,33,2023-07-26 03:04:45.121006+00:00
888,888,61,2023-07-26 03:04:45.122344+00:00
889,889,82,2023-07-26 03:04:45.123732+00:00
890,890,22,2023-07-26 03:04:45.125089+00:00
891,891,57,2023-07-26 03:04:45.126701+00:00
892,892,26,2023-07-26 03:04:45.128073+00:00
893,893,91,2023-07-26 03:04:45.129419+00:00
894,894,13,2023-07-26 03:04:45.130922+00:00
895,895,26,2023-07-26 03:04:45.132277+00:00
896,896,24,2023-07-26 03:04:45.133679+00:00
897,897,32,2023-07-26 03:04:45.135035+00:00
898,898,53,2023-07-26 03:04:45.136426+00:00
899,899,1,2023-07-26 03:04:45.137880+00:00
900,900,70,2023-07-26 03:04:45.139246+00:00
901,901,90,2023-07-26 03:04:45.140615+00:00
902,902,76,2023-07-26 03:04:45.142173+00:00
903,903,85,2023-07-26 03:04:45.143646+00:00
904,904,93,2023-07-26 03:04:45.145388+00:00
905,905,44,2023-07-26 03:04:45.146794+00:00
906,906,31,2023-07-26 03:04:45.148161+00:00
907,907,88,2023-07-26 03:04:45.149513+00:00
908,908,85,2023-07-26 03:04:45.150850+00:00
909,909,58,2023-07-26 03:04:45.152220+00:00
910,910,22,2023-07-26 03:04:45.153578+00:00
911,911,67,2023-07-26 03:04:45.154950+00:00
912,912,77,2023-07-26 03:04:45.156601+00:00
913,913,20,2023-07-26 03:04:45.158045+00:00
914,914,22,2023-07-26 03:04:45.159387+00:00
915,915,99,2023-07-26 03:04:45.160752+00:00
916,916,72,2023-07-26 03:04:45.162279+00:00
917,917,84,2023-07-26 03:04:45.163623+00:00
918,918,50,2023-07-26 03:04:45.164993+00:00
919,919,89,2023-07-26 03:04:45.166456+00:00
920,920,45,2023-07-26 03:04:45.167845+00:00
921,921,56,2023-07-26 03:04:45.169314+00:00
922,922,12,2023-07-26 03:04:45.170662+00:00
923,923,0,2023-07-26 03:04:45.172036+00:00
924,924,72,2023-07-26 03:04:45.173579+00:00
925,925,9,2023-07-26 03:04:45.174941+00:00
926,926,71,2023-07-26 03:04:45.176526+00:00
927,927,46,2023-07-26 03:04:45.178186+00:00
928,928,78,2023-07-26 03:04:45.179545+00:00
929,929,29,2023-07-26 03:04:45.180906+00:00
930,930,12,2023-07-26 03:04:45.182404+00:00
931,931,40,2023-07-26 03:04:45.183783+00:00
932,932,46,2023-07-26 03:04:45.185157+00:00
933,933,47,2023-07-26 03:04:45.186506+00:00
934,934,15,2023-07-26 03:04:45.187880+00:00
935,935,45,2023-07-26 03:04:45.189366+00:00
936,936,2,2023-07-26 03:04:45.190711+00:00
937,937,45,2023-07-26 03:04:45.192238+00:00
938,938,57,2023-07-26 03:04:45.193843+00:00
939,939,46,2023-07-26 03:04:45.195212+00:00
940,940,73,2023-07-26 03:04:45.196736+00:00
941,941,15,2023-07-26 03:04:45.198418+00:00
942,942,100,2023-07-26 03:04:45.199945+00:00
943,943,96,2023-07-26 03:04:45.201382+00:00
944,944,93,2023-07-26 03:04:45.202810+00:00
945,945,71,2023-07-26 03:04:45.204268+00:00
946,946,95,2023-07-26 03:04:45.205686+00:00
947,947,63,2023-07-26 03:04:45.207041+00:00
948,948,47,2023-07-26 03:04:45.208570+00:00
949,949,5,2023-07-26 03:04:45.209986+00:00
950,950,21,2023-07-26 03:04:45.211513+00:00
951,951,5,2023-07-26 03:04:45.212890+00:00
952,952,97,2023-07-26 03:04:45.214495+00:00
953,953,85,2023-07-26 03:04:45.215844+00:00
954,954,71,2023-07-26 03:04:45.217226+00:00
955,955,53,2023-07-26 03:04:45.218661+00:00
956,956,7,2023-07-26 03:04:45.220039+00:00
957,957,6,2023-07-26 03:04:45.221378+00:00
958,958,38,2023-07-26 03:04:45.222771+00:00
959,959,56,2023-07-26 03:04:45.224299+00:00
960,960,32,2023-07-26 03:04:45.225638+00:00
961,961,87,2023-07-26 03:04:45.227241+00:00
962,962,1,2023-07-26 03:04:45.228746+00:00
963,963,76,2023-07-26 03:04:45.230125+00:00
964,964,27,2023-07-26 03:04:45.231472+00:00
965,965,73,2023-07-26 03:04:45.232916+00:00
966,966,53,2023-07-26 03:04:45.234395+00:00
967,967,65,2023-07-26 03:04:45.235727+00:00
968,968,92,2023-07-26 03:04:45.237091+00:00
969,969,20,2023-07-26 03:04:45.238521+00:00
970,970,2,2023-07-26 03:04:45.239874+00:00
971,971,97,2023-07-26 03:04:45.241242+00:00
972,972,1,2023-07-26 03:04:45.242873+00:00
973,973,89,2023-07-26 03:04:45.244316+00:00
974,974,61,2023-07-26 03:04:45.245654+00:00
975,975,26,2023-07-26 03:04:45.247016+00:00
976,976,97,2023-07-26 03:04:45.248508+00:00
977,977,72,2023-07-26 03:04:45.250000+00:00
978,978,99,2023-07-26 03:04:45.251359+00:00
979,979,98,2023-07-26 03:04:45.252709+00:00
980,980,19,2023-07-26 03:04:45.254064+00:00
981,981,24,2023-07-26 03:04:45.255638+00:00
982,982,62,2023-07-26 03:04:45.257021+00:00
983,983,80,2023-07-26 03:04:45.258585+00:00
984,984,42,2023-07-26 03:04:45.259953+00:00
985,985,16,2023-07-26 03:04:45.261306+00:00
986,986,69,2023-07-26 03:04:45.263047+00:00
987,987,5,2023-07-26 03:04:45.264514+00:00
988,988,13,2023-07-26 03:04:45.265868+00:00
989,989,90,2023-07-26 03:04:45.267222+00:00
990,990,25,2023-07-26 03:04:45.268583+00:00
991,991,79,2023-07-26 03:04:45.269917+00:00
992,992,56,2023-07-26 03:04:45.271488+00:00
993,993,28,2023-07-26 03:04:45.272929+00:00
994,994,29,2023-07-26 03:04:45.274285+00:00
995,995,81,2023-07-26 03:04:45.275645+00:00
996,996,14,2023-07-26 03:04:45.276986+00:00
997,997,83,2023-07-26 03:04:45.278466+00:00
998,998,25,2023-07-26 03:04:45.279910+00:00
999,999,20,2023-07-26 03:04:45.281459+00:00
1000,1000,56,2023-07-26 03:04:45.283186+00:00
